,Months,Avg
0,8,856899.9647016012
1,7,817397.3658743633
2,6,816917.5238987816
3,5,820733.0304806565
