Months,Avg
8,856899.9647016012
7,817397.3658743633
6,816917.5238987816
5,820733.0304806565
